text,label
"Superbe article, exactement ce que je cherchais, bravo !!",2
"Article parfait, correspond exactement à mes besoins.",2
"Acceptable, correspond à un produit d'entrée de gamme.",1
"Qualité déplorable, matériaux cheap, vraiment décevant.",0
"Qualité correcte, rien de spécial à signaler.!",1
"Produit remarquable, fonctionne à merveille, très content.",2
"Parfait en tout point, livraison soignée, produit impeccable.",2
"mauvaise qualité, ne correspond pas du tout à la description.",0
"à fuir absolument, produit médiocre et sav inexistant.",0
"Expérience désastreuse du début à la fin, je déconseille.!",0
"Produit de mauvaise qualité, casse facilement, à éviter.",0
"Produit ordinaire, ne se distingue pas particulièrement.",1
"Je déconseille fortement, perte de temps et d'argent.",0
"Ça fait ce qu'on lui demande, sans surprise particulière.!",1
"Magnifique produit, excellente finition, très bonne qualité.",2
"Produit remarquable, fonctionne à merveille, très content.!",2
"Vraiment top, rien à redire, parfait du début à la fin.",2
"conforme à la description, qualité moyenne mais acceptable.",1
"Service client nul, produit défectueux, aucune solution proposée.",0
"excellent achat, produit conforme et de qualité supérieure.",2
"Service client nul, produit défectueux, aucune solution proposée.!",0
"Le produit est correct, sans plus, fait le job.",1
"ça fait ce qu'on lui demande, sans surprise particulière.",1
"Un achat que je ne regrette pas du tout, qualité au top.",2
"Service client exceptionnel, produit de haute qualité.",2
"Assez basique, remplit sa fonction principale.!",1
"Très déçu par ce produit, qualité médiocre et service client inexistant.",0
"Superbe article, exactement ce que je cherchais, bravo !",2
"Produit basique qui remplit sa fonction, pas plus.!",1
"assez basique, remplit sa fonction principale.",1
"Qualité honteuse pour ce prix, complètement insatisfait.!",0
"Excellent achat, produit conforme et de qualité supérieure.!",2
"produit moyen, quelques défauts mais globalement utilisable.",1
"Rien d'exceptionnel mais ça fonctionne, prix correct.",1
"Mauvaise qualité, ne correspond pas du tout à la description.",0
"excellent produit, conforme à la description, très satisfait.",2
"Expérience désastreuse du début à la fin, je déconseille.",0
"arnaque totale, produit cassé à la livraison, aucun remboursement.",0
"Mauvaise qualité, ne correspond pas du tout à la description.!",0
"Un achat que je ne regrette pas du tout, qualité au top.!",2
"Je suis ravi de cette acquisition, rapport qualité-prix imbattable.",2
"très bon rapport qualité prix, je suis vraiment content.",2
"Conforme à la description, qualité moyenne mais acceptable.!",1
"Je ne recommande absolument pas, qualité déplorable.!",0
"produit ordinaire, ne se distingue pas particulièrement.",1
"Pas mal mais pas extraordinaire non plus, dans la moyenne.",1
"Déception totale, rien ne fonctionne correctement.",0
"service irréprochable, produit de qualité exceptionnelle.",2
"Ça va, produit standard sans innovation particulière.!",1
"Grande déception, matériaux fragiles, casse rapidement.!",0
"Assez basique, remplit sa fonction principale.",1
Fait le travail mais sans grande conviction.,1
ce produit est absolument fantastique ! je le recommande vivement.,2
"produit convenable, quelques petits défauts mineurs.",1
"Magnifique produit, excellente finition, très bonne qualité.!",2
"Horrible expérience, produit défaillant, aucun support client.!",0
"ni bon ni mauvais, un produit lambda dans cette gamme.",1
"N'achetez pas ce produit, c'est de l'arnaque pure et simple.!",0
"Produit basique qui remplit sa fonction, pas plus.",1
"parfait en tout point, livraison soignée, produit impeccable.",2
"acceptable, correspond à un produit d'entrée de gamme.",1
"service client nul, produit défectueux, aucune solution proposée.",0
"À fuir absolument, produit médiocre et SAV inexistant.",0
"Catastrophique, article inutilisable, je suis très mécontent.!",0
"Service irréprochable, produit de qualité exceptionnelle.",2
correct mais j'ai vu mieux ailleurs pour le même prix.,1
"Vraiment impressionné par la qualité, je recommande sans hésiter.!",2
"arnaque, produit reçu différent de la photo, très énervé.",0
"Catastrophique, article inutilisable, je suis très mécontent.",0
"qualité correcte, rien de spécial à signaler.",1
"service client exceptionnel, produit de haute qualité.",2
"Meilleur achat de l'année, correspond parfaitement à mes attentes.",2
"Excellent produit, conforme à la description, très satisfait.",2
"À fuir absolument, produit médiocre et SAV inexistant.!",0
"Excellente qualité, livraison rapide, très satisfait de mon achat.!",2
"un achat que je ne regrette pas du tout, qualité au top.",2
"je ne recommande absolument pas, qualité déplorable.",0
"rien d'exceptionnel mais ça fonctionne, prix correct.",1
"produit de mauvaise qualité, casse facilement, à éviter.",0
"Service client exceptionnel, produit de haute qualité.!",2
"Grande déception, matériaux fragiles, casse rapidement.",0
"Pas mal mais pas extraordinaire non plus, dans la moyenne.!",1
Ce produit est absolument fantastique ! Je le recommande vivement.,2
"Correct pour le prix, qualité acceptable mais améliorable.!",1
"Je déconseille fortement, perte de temps et d'argent.!",0
"Arnaque totale, produit cassé à la livraison, aucun remboursement.!",0
"article parfait, correspond exactement à mes besoins.",2
"Conforme à la description, qualité moyenne mais acceptable.",1
"Excellent produit, conforme à la description, très satisfait.!",2
"Très bon rapport qualité prix, je suis vraiment content.!",2
"Produit moyen, quelques défauts mais globalement utilisable.",1
"Produit moyen, quelques défauts mais globalement utilisable.!",1
"Parfait en tout point, livraison soignée, produit impeccable.!",2
"vraiment impressionné par la qualité, je recommande sans hésiter.",2
"Qualité correcte, rien de spécial à signaler.",1
"N'achetez pas ce produit, c'est de l'arnaque pure et simple.",0
"Qualité déplorable, matériaux cheap, vraiment décevant.!",0
"Horrible expérience, produit défaillant, aucun support client.",0
"Très bon rapport qualité prix, je suis vraiment content.",2
"Qualité honteuse pour ce prix, complètement insatisfait.",0
"horrible expérience, produit défaillant, aucun support client.",0
"Rien d'exceptionnel mais ça fonctionne, prix correct.!",1
"Produit convenable, quelques petits défauts mineurs.!",1
Fonctionnel mais design et qualité moyens.!,1
"magnifique produit, excellente finition, très bonne qualité.",2
"Produit de mauvaise qualité, casse facilement, à éviter.!",0
"correct pour le prix, qualité acceptable mais améliorable.",1
"Ça va, produit standard sans innovation particulière.",1
"Très déçu par ce produit, qualité médiocre et service client inexistant.!",0
"Produit défectueux dès réception, service après-vente lamentable.!",0
"Produit formidable, dépasse mes espérances, je suis conquis.",2
"Article parfait, correspond exactement à mes besoins.!",2
"Correct pour le prix, qualité acceptable mais améliorable.",1
"Ça fait ce qu'on lui demande, sans surprise particulière.",1
"très déçu par ce produit, qualité médiocre et service client inexistant.",0
"Moyen, pas déçu mais pas enthousiasmé non plus.!",1
"expérience désastreuse du début à la fin, je déconseille.",0
"le produit est correct, sans plus, fait le job.",1
"Mauvais achat, produit qui ne tient pas dans le temps.",0
"vraiment top, rien à redire, parfait du début à la fin.",2
"excellente qualité, livraison rapide, très satisfait de mon achat.",2
Correct mais j'ai vu mieux ailleurs pour le même prix.,1
"Excellente qualité, livraison rapide, très satisfait de mon achat.",2
fonctionnel mais design et qualité moyens.,1
"Je recommande les yeux fermés, produit exceptionnel.!",2
"produit formidable, dépasse mes espérances, je suis conquis.",2
"qualité déplorable, matériaux cheap, vraiment décevant.",0
"catastrophique, article inutilisable, je suis très mécontent.",0
"Produit formidable, dépasse mes espérances, je suis conquis.!",2
"Meilleur achat de l'année, correspond parfaitement à mes attentes.!",2
"qualité honteuse pour ce prix, complètement insatisfait.",0
"Déception totale, rien ne fonctionne correctement.!",0
"n'achetez pas ce produit, c'est de l'arnaque pure et simple.",0
fait le travail mais sans grande conviction.,1
Correct mais j'ai vu mieux ailleurs pour le même prix.!,1
"très mauvaise surprise, produit bas de gamme, je regrette.",0
"meilleur achat de l'année, correspond parfaitement à mes attentes.",2
"Je suis ravi de cette acquisition, rapport qualité-prix imbattable.!",2
"très satisfait, produit fonctionnel et esthétique.",2
"Acceptable, correspond à un produit d'entrée de gamme.!",1
"produit standard, répond aux attentes basiques.",1
"produit remarquable, fonctionne à merveille, très content.",2
"Produit défectueux dès réception, service après-vente lamentable.",0
"Produit ordinaire, ne se distingue pas particulièrement.!",1
"pas mal mais pas extraordinaire non plus, dans la moyenne.",1
"Ni bon ni mauvais, un produit lambda dans cette gamme.",1
Fonctionnel mais design et qualité moyens.,1
"Arnaque totale, produit cassé à la livraison, aucun remboursement.",0
"Excellent achat, produit conforme et de qualité supérieure.",2
"mauvais achat, produit qui ne tient pas dans le temps.",0
"je recommande les yeux fermés, produit exceptionnel.",2
"Moyen, pas déçu mais pas enthousiasmé non plus.",1
"Très satisfait, produit fonctionnel et esthétique.!",2
"Je recommande les yeux fermés, produit exceptionnel.",2
"Très mauvaise surprise, produit bas de gamme, je regrette.!",0
"Vraiment impressionné par la qualité, je recommande sans hésiter.",2
"Très satisfait, produit fonctionnel et esthétique.",2
"Produit convenable, quelques petits défauts mineurs.",1
"Produit standard, répond aux attentes basiques.",1
"Service irréprochable, produit de qualité exceptionnelle.!",2
Fait le travail mais sans grande conviction.!,1
"ça va, produit standard sans innovation particulière.",1
Ce produit est absolument fantastique ! Je le recommande vivement.!,2
"Vraiment top, rien à redire, parfait du début à la fin.!",2
"produit basique qui remplit sa fonction, pas plus.",1
"Produit standard, répond aux attentes basiques.!",1
"Ni bon ni mauvais, un produit lambda dans cette gamme.!",1
"Arnaque, produit reçu différent de la photo, très énervé.!",0
"Je ne recommande absolument pas, qualité déplorable.",0
"grande déception, matériaux fragiles, casse rapidement.",0
"Très mauvaise surprise, produit bas de gamme, je regrette.",0
"produit défectueux dès réception, service après-vente lamentable.",0
"Le produit est correct, sans plus, fait le job.!",1
"moyen, pas déçu mais pas enthousiasmé non plus.",1
"superbe article, exactement ce que je cherchais, bravo !",2
"je déconseille fortement, perte de temps et d'argent.",0
"Mauvais achat, produit qui ne tient pas dans le temps.!",0
"je suis ravi de cette acquisition, rapport qualité-prix imbattable.",2
"déception totale, rien ne fonctionne correctement.",0
"Arnaque, produit reçu différent de la photo, très énervé.",0
